how to grow wheat,Cultivation
how to grow rice,Cultivation
how to grow cotton,Cultivation
how to grow sugarcane,Cultivation
how to grow maize,Cultivation
how to grow potato,Cultivation
how to grow tomato,Cultivation
how to grow onion,Cultivation
how to cultivate wheat,Cultivation
how to cultivate rice,Cultivation
how to cultivate cotton,Cultivation
how to cultivate sugarcane,Cultivation
how to cultivate maize,Cultivation
i want to grow wheat,Cultivation
i want to grow rice,Cultivation
i want to grow cotton,Cultivation
i want to grow sugarcane,Cultivation
i want to grow maize,Cultivation
tell me about wheat cultivation,Cultivation
tell me about rice farming,Cultivation
tell me about cotton growing,Cultivation
tell me about sugarcane,Cultivation
tell me about maize,Cultivation
information about wheat,Cultivation
information about rice,Cultivation
information about cotton,Cultivation
details about wheat farming,Cultivation
details about rice cultivation,Cultivation
wheat growing guide,Cultivation
rice cultivation guide,Cultivation
cotton farming guide,Cultivation
how to plant wheat,Cultivation
how to plant rice,Cultivation
how to plant cotton,Cultivation
steps to grow wheat,Cultivation
steps to grow rice,Cultivation
method to grow wheat,Cultivation
method to grow rice,Cultivation
what is the process of growing wheat,Cultivation
what is the process of growing rice,Cultivation
can you tell me about wheat,Cultivation
can you tell me about rice,Cultivation
can you tell me about cotton,Cultivation
fertilizer for wheat,Fertilizer
fertilizer for rice,Fertilizer
fertilizer for cotton,Fertilizer
fertilizer for sugarcane,Fertilizer
fertilizer for maize,Fertilizer
what fertilizer to use for wheat,Fertilizer
best fertilizer for rice,Fertilizer
how much fertilizer for wheat,Fertilizer
npk ratio for wheat,Fertilizer
npk for rice,Fertilizer
urea for wheat,Fertilizer
dap for rice,Fertilizer
manure for cotton,Fertilizer
fertilizer dose for maize,Fertilizer
fertilizer recommendation for wheat,Fertilizer
fertilizer requirement for rice,Fertilizer
which fertilizer is best for wheat,Fertilizer
how to apply fertilizer to wheat,Fertilizer
pesticide for cotton,Pesticide
pesticide for rice,Pesticide
pesticide for wheat,Pesticide
pesticide for sugarcane,Pesticide
pests in cotton,Pesticide
pests in rice,Pesticide
pests in wheat,Pesticide
insects in cotton,Pesticide
insects in rice,Pesticide
how to control pests in cotton,Pesticide
how to control pests in rice,Pesticide
how to control pests in wheat,Pesticide
pest management in cotton,Pesticide
pest management in rice,Pesticide
insecticide for cotton,Pesticide
insecticide for rice,Pesticide
whitefly control in cotton,Pesticide
bollworm control in cotton,Pesticide
stem borer in rice,Pesticide
aphids in wheat,Pesticide
water requirement for wheat,Irrigation
water requirement for rice,Irrigation
water requirement for cotton,Irrigation
how much water for wheat,Irrigation
how much water for rice,Irrigation
irrigation for wheat,Irrigation
irrigation for rice,Irrigation
irrigation for cotton,Irrigation
irrigation for sugarcane,Irrigation
how many irrigations for wheat,Irrigation
how many irrigations for rice,Irrigation
drip irrigation for cotton,Irrigation
sprinkler irrigation for wheat,Irrigation
when to irrigate wheat,Irrigation
when to irrigate rice,Irrigation
critical stages for irrigation in wheat,Irrigation
critical stages for irrigation in rice,Irrigation
soil for wheat,Soil
soil for rice,Soil
soil for cotton,Soil
best soil for wheat,Soil
best soil for rice,Soil
best soil for cotton,Soil
soil type for wheat,Soil
soil type for rice,Soil
soil type for cotton,Soil
soil ph for wheat,Soil
soil ph for rice,Soil
clay soil for rice,Soil
sandy soil for wheat,Soil
black soil for cotton,Soil
loamy soil for wheat,Soil
how to improve soil for wheat,Soil
soil preparation for wheat,Soil
soil preparation for rice,Soil
yield of wheat,Yield
yield of rice,Yield
yield of cotton,Yield
yield of sugarcane,Yield
average yield of wheat,Yield
average yield of rice,Yield
how much yield from wheat,Yield
wheat production per acre,Yield
rice production per acre,Yield
cotton yield per acre,Yield
how to increase wheat yield,Yield
how to increase rice yield,Yield
how to increase cotton yield,Yield
diseases in wheat,Diseases
diseases in rice,Diseases
diseases in cotton,Diseases
common diseases of wheat,Diseases
common diseases of rice,Diseases
common diseases of cotton,Diseases
wheat rust,Diseases
rice blast,Diseases
cotton leaf curl virus,Diseases
how to control diseases in wheat,Diseases
how to control diseases in rice,Diseases
how to control diseases in cotton,Diseases
wheat varieties,Varieties
rice varieties,Varieties
cotton varieties,Varieties
sugarcane varieties,Varieties
maize varieties,Varieties
best wheat variety,Varieties
best rice variety,Varieties
high yielding wheat variety,Varieties
high yielding rice variety,Varieties
hybrid wheat,Varieties
hybrid rice,Varieties
basmati rice,Varieties
bt cotton,Varieties
price of wheat,MarketPrice
price of rice,MarketPrice
price of cotton,MarketPrice
wheat market price,MarketPrice
rice market price,MarketPrice
cotton market price,MarketPrice
cost of wheat,MarketPrice
cost of rice,MarketPrice
cost of cotton,MarketPrice
wheat rate today,MarketPrice
rice rate today,MarketPrice
mandi price of wheat,MarketPrice
mandi price of rice,MarketPrice
when to harvest wheat,HarvestTime
when to harvest rice,HarvestTime
when to harvest cotton,HarvestTime
when to harvest sugarcane,HarvestTime
wheat harvesting time,HarvestTime
rice harvesting time,HarvestTime
cotton harvesting time,HarvestTime
how to harvest wheat,HarvestTime
how to harvest rice,HarvestTime
when to sow wheat,SowingTime
when to sow rice,SowingTime
when to sow cotton,SowingTime
when to plant wheat,SowingTime
when to plant rice,SowingTime
when to plant cotton,SowingTime
wheat sowing season,SowingTime
rice sowing season,SowingTime
cotton sowing season,SowingTime
best time to sow wheat,SowingTime
best time to sow rice,SowingTime
best time to sow cotton,SowingTime
weather today,Weather
weather tomorrow,Weather
weather this week,Weather
will it rain,Weather
rain forecast,Weather
temperature today,Weather
climate today,Weather
hello,Greeting
hi,Greeting
hey,Greeting
namaste,Greeting
good morning,Greeting
good evening,Greeting
namaskar,Greeting
wassup,Wassup
whats up,Wassup
how are you,Wellness
how are you doing,Wellness
are you okay,Wellness
how is it going,Wellness
i need help,AskingHelp
need help,AskingHelp
help me,AskingHelp
can you help me,AskingHelp
i need assistance,AskingHelp
please help,AskingHelp
help,AskingHelp
who is the president,OutOfScope
who is the prime minister,OutOfScope
what is your name,OutOfScope
who created you,OutOfScope
are you a bot,OutOfScope
how old are you,OutOfScope
do you have a girlfriend,OutOfScope
are you married,OutOfScope
what is the weather in paris,Weather
cricket match,OutOfScope
football,OutOfScope
movie,OutOfScope
song,OutOfScope
recipe,OutOfScope
cooking,OutOfScope
